booth,brewery,region,product,class,aroma,richness,note
A03,고쿠류주조,후쿠이현,쿠즈류 준마이,薰 Kun,6,7,純米
A03,고쿠류주조,후쿠이현,쿠즈류 키죠슈,熟 Juku,9,8,熟成/古酒
A03,고쿠류주조,후쿠이현,고쿠류 잇쵸라이 준긴,薰 Kun,9,4,吟醸
A03,고쿠류주조,후쿠이현,고쿠류 다이긴죠 Crystal Dragon,薰 Kun,10,4,大吟醸
A03,고쿠류주조,후쿠이현,고쿠류 다이긴죠,薰 Kun,10,4,大吟醸
A03,고쿠류주조,후쿠이현,고쿠류 준마이다이긴죠,薰 Kun,9,6,純米大吟醸
A03,고쿠류주조,후쿠이현,고쿠류 AWA 죠,薰 Kun,9,4,Sparkling/にごり
A04,데와자쿠라주조,야마가타현,데와자쿠라 유키메가미,薰 Kun,8,5,純米大吟醸(雪女神 쌀)
A04,데와자쿠라주조,야마가타현,데와자쿠라 준마이긴죠,薰 Kun,10,6,純米吟醸
A04,데와자쿠라주조,야마가타현,유키만만 빙점하 5년 숙성중,熟 Juku,7,8,5년숙성
A04,데와자쿠라주조,야마가타현,데와자쿠라 토로케루 라프랑스,Other,4,4,리큐어(과실)
A04,데와자쿠라주조,야마가타현,데와자쿠리 잇코 혼나마,薰 Kun,7,5,純米吟醸 生
A05,이시모토주조,니가타현,코시노칸바이 벳센,薰 Kun,6,4,吟醸 別撰
A05,이시모토주조,니가타현,코시노칸바이 사이,薰 Kun,7,5,純米吟醸 灑
A05,이시모토주조,니가타현,코시노칸바이 아마네,薰 Kun,7,4,純米吟醸 浹
A05,이시모토주조,니가타현,코시노칸바이 세이슈,爽 Sou,4,4,清酒(普通酒)
A05,이시모토주조,니가타현,코시노칸바이 초토쿠센,薰 Kun,9,5,大吟醸 超特撰
A05,이시모토주조,니가타현,코시노칸바이 라군,醇 Jun,6,8,純米 Lagoon 濃厚
A06,코시메이조주식회사,니가타현,야마시로야 1st Class,薰 Kun,7,6,純米大吟醸 1st Class
A06,코시메이조주식회사,니가타현,야마시로야 에이케이,薰 Kun,7,6,純米大吟醸 AK
A06,코시메이조주식회사,니가타현,야마시로야 루스이,醇 Jun,6,7,純米 留守居 Standard
A06,코시메이조주식회사,니가타현,야마시로야 가호,薰 Kun,7,6,純米吟醸 雅
A06,코시메이조주식회사,니가타현,야마시로야 후우가,薰 Kun,7,6,純米吟醸 風雅
A07,이네토아가베,아키타현,코우슈 하나카제,Other,7,10,熟成/古酒
A08,㈜니혼슈코리아 시음부스,서울특별시 성동구 성수일로 4길 25 서울숲 코오롱 디지털타워 B101,테도리카와 준마이긴죠,薰 Kun,7,6,純米吟醸
A08,㈜니혼슈코리아 시음부스,서울특별시 성동구 성수일로 4길 25 서울숲 코오롱 디지털타워 B101,마쵸 준마이 오마치80,醇 Jun,4,7,純米
A08,㈜니혼슈코리아 시음부스,서울특별시 성동구 성수일로 4길 25 서울숲 코오롱 디지털타워 B101,마쵸 준마이 아이야마80,醇 Jun,4,7,純米
A08,㈜니혼슈코리아 시음부스,서울특별시 성동구 성수일로 4길 25 서울숲 코오롱 디지털타워 B101,블랙잭,爽 Sou,5,5,Kun
A08,㈜니혼슈코리아 시음부스,서울특별시 성동구 성수일로 4길 25 서울숲 코오롱 디지털타워 B101,산칸 오마치 준마이 무로카나마겐슈,醇 Jun,5,9,"純米, 無濾過, 生原酒, 生"
A08,㈜니혼슈코리아 시음부스,서울특별시 성동구 성수일로 4길 25 서울숲 코오롱 디지털타워 B101,닷사이 소노사키에,薰 Kun,9,6,磨きその先へ 超프리미엄 JDGJ
A08,㈜니혼슈코리아 시음부스,서울특별시 성동구 성수일로 4길 25 서울숲 코오롱 디지털타워 B101,추구,醇 Jun,5,6,久保田 千寿 純米吟醸
A08,㈜니혼슈코리아 시음부스,서울특별시 성동구 성수일로 4길 25 서울숲 코오롱 디지털타워 B101,고쿠류 준마이다이긴죠,薰 Kun,7,6,純米大吟醸
A08,㈜니혼슈코리아 시음부스,서울특별시 성동구 성수일로 4길 25 서울숲 코오롱 디지털타워 B101,고쿠류 AWA 죠,薰 Kun,7,4,Sparkling/にごり
A09,니혼세이슈,홋카이도,치토세츠루 준마이다이긴죠 스이세이,薰 Kun,9,6,純米大吟醸
A09,니혼세이슈,홋카이도,치토세츠루 준마이슈,薰 Kun,6,7,純米
A10,고쵸다주조,사가현,아즈마이치 준마이다이긴죠,薰 Kun,9,6,純米大吟醸
A10,고쵸다주조,사가현,아즈마이치 준마이긴죠 하쿠츠루니시키,薰 Kun,9,6,純米吟醸
A10,고쵸다주조,사가현,아즈마이치 준마이긴죠 야마다니시키,薰 Kun,9,6,純米吟醸
A11,하츠카메양조,시즈오카현,하츠카메 준마이긴죠 카라카라벳삥,薰 Kun,8,6,純米吟醸
A11,하츠카메양조,시즈오카현,하츠카메 준마이긴죠 토죠야마다니시키,薰 Kun,8,6,純米吟醸
A11,하츠카메양조,시즈오카현,하츠카메 토쿠베츠준마이,薰 Kun,6,7,特別純米
A11,이소지만주조,시즈오카현,이소지만 준마이다이긴죠,薰 Kun,10,6,純米大吟醸
A11,이소지만주조,시즈오카현,이소지만 준마이긴죠 야마다니시키,薰 Kun,10,6,純米吟醸
A11,이소지만주조,시즈오카현,이소지만 토쿠베츠준마이 오마치53,薰 Kun,8,7,特別純米
A12,아이하라주조,히로시마현,우고노츠키 토쿠베츠준마이 야마다니시키,薰 Kun,7,7,特別純米
A12,아이하라주조,히로시마현,우고노츠키 준마이다이긴죠 핫탄니시키,薰 Kun,9,6,純米大吟醸
A12,텐료하이주조,니가타현,우타시로 릿카,薰 Kun,7,5,純米大吟醸 凜華
A12,텐료하이주조,니가타현,우타시로 즈이카,薰 Kun,7,5,純米大吟醸 瑞華
A12,텐료하이주조,니가타현,우타시로 히요리,爽 Sou,5,4,純米吟醸 日和 低알코올
A12,텐료하이주조,니가타현,우타시로 겟카,薰 Kun,6,5,純米吟醸 月華
A12,텐료하이주조,니가타현,우타시로 나루카미,爽 Sou,5,4,純米吟醸 鳴神 超辛口
A13,코이즈미주조,치바현,토카이 자카리 준마이긴죠 나노하나,薰 Kun,8,6,純米吟醸
A13,코이즈미주조,치바현,토카이 자카리 준마이긴죠 지샤덴 후사노마이,薰 Kun,8,6,純米吟醸
A13,코이즈미주조,치바현,토카이 자카리 토쿠베츠준마이 야마다니시키,薰 Kun,6,7,特別純米
A13,오모야주조,나가사키현,요코야마 고쥬 준마이다이긴죠 블랙,薰 Kun,9,6,純米大吟醸
A13,오모야주조,나가사키현,요코야마 준마이긴죠 SILVER 초카라 7,薰 Kun,9,6,純米吟醸
A13,오모야주조,나가사키현,요코야마 준마이긴죠 SILVER 7,薰 Kun,9,6,純米吟醸
A13,오모야주조,나가사키현,친구 블랙라벨,薰 Kun,6,5,東魁盛 친구 Black
A14,후지이양조,오이타현,무기쇼츄 토쿠조 타이메이,薰 Kun,7,6,Kun
A14,요쓰야주조,오이타현,무기쇼츄 카네하치,薰 Kun,6,5,Kun
B03,스미카와주조장,야마구치현,토요비진 준마이다이긴죠 이치방마토이,薰 Kun,9,7,純米大吟醸
B03,스미카와주조장,야마구치현,토요비진 준도이치즈,薰 Kun,7,6,東洋美人 純度一途
B03,스미카와주조장,야마구치현,토요비진 준마이긴죠 오오카라구치,薰 Kun,9,7,"純米吟醸, 辛口"
B03,센킨,도치기현,카쿠메이 센킨 잇세이,薰 Kun,8,7,革命 一聲 프리미엄
B03,센킨,도치기현,센킨 모던,薰 Kun,7,6,モダン junmai (sweet-sour acidic)
B03,이마니시주조,나라현,이마니시 준마이긴죠 아사히,薰 Kun,8,7,純米吟醸
B03,카모니시키주조,니가타현,카모니시키 니후다자케 준마이다이긴죠 반슈야마다니시키,薰 Kun,9,6,純米大吟醸
B03,타사키주조,가고시마현,야키이모쇼츄 오니비,薰 Kun,6,5,Kun
B03,나가시마켄조,가고시마현,이모쇼츄 사츠마시마비진,薰 Kun,6,5,Kun
B03,야나기타주조,미야자키현,무기쇼츄 아오카게,薰 Kun,6,5,Kun
B03,야마모토주조,가고시마현,고다이 우메슈,薰 Kun,6,6,Jun
B04,히가주조,오키나와현,류큐아와모리 잔파 블랙,Other,5,7,Other
B04,히가주조,오키나와현,류큐아와모리 잔파 화이트,Other,5,7,Other
B04,히가주조,오키나와현,잔파 TAKASHIHO,Other,5,7,Other
B04,히가주조,오키나와현,잔파 IMUGE.,Other,5,7,Other
B04,히가주조,오키나와현,류큐아와모리 잔파 프리미엄,Other,5,7,Other
B04,히가주조,오키나와현,잔파 시쿠와사,Other,5,7,Other
B04,히가주조,오키나와현,잔파 TORAKICHI,Other,5,7,Other
B05,가토키치베쇼텐,후쿠이현,본 고쿠히조 다이긴죠,薰 Kun,10,4,大吟醸
B05,가토키치베쇼텐,후쿠이현,본 토쿠센 준마이다이긴죠,薰 Kun,10,6,純米大吟醸
B05,가토키치베쇼텐,후쿠이현,본 준마이 55,薰 Kun,7,7,純米
B05,가토키치베쇼텐,후쿠이현,본 긴센 준마이다이긴죠,薰 Kun,10,6,純米大吟醸
B05,가토키치베쇼텐,후쿠이현,본 무로카 준마이다이긴죠 나마겐슈,薰 Kun,10,8,"純米大吟醸, 無濾過, 生原酒, 生"
B05,가토키치베쇼텐,후쿠이현,본 골드 준마이다이긴죠,薰 Kun,10,6,純米大吟醸
B05,가토키치베쇼텐,후쿠이현,본 준스이 준마이다이긴죠,薰 Kun,10,6,純米大吟醸
B07,SODAWARI,,야마노고토부키 레몬,Other,4,4,Other
B07,SODAWARI,,무토우,Other,4,4,Other
B07,SODAWARI,,류노미키,Other,4,4,Other
B07,SODAWARI,,에모티,Other,4,4,Other
B08,사케노이치자,후쿠오카현,메로메로 모지코 바나나,Other,4,5,Other
B08,사케노이치자,후쿠오카현,메로메로 홋카이도 멜론,Other,4,5,Other
B08,사케노이치자,후쿠오카현,후시기노쿠니 노 카시스 시코쿠,Other,4,5,Other
B08,사케노이치자,후쿠오카현,후시기노쿠니 노 카시스 아카조로에,Other,4,5,Other
B09,미이노고토부키,후쿠오카현,미이노고토부키 쥰마이다이긴죠 아이야마,薰 Kun,9,6,純米大吟醸
B09,미이노고토부키,후쿠오카현,미이노고토부키 쥰마이다이긴죠 사케미라이,薰 Kun,9,6,純米大吟醸
B09,미이노고토부키,후쿠오카현,미이노고토부키 쥰마이긴죠+14 오카라구치나마,薰 Kun,10,6,"純米吟醸, 生, 辛口"
B09,미이노고토부키,후쿠오카현,미이노고토부키 와인코보 쥰마이긴죠,薰 Kun,9,6,純米吟醸
B10,하마카와쇼텐,코우치현,비죠후 쥰마이다이긴죠 히나,薰 Kun,9,6,純米大吟醸
B10,하마카와쇼텐,코우치현,비죠후 쥰마이다이긴죠 마이,薰 Kun,9,6,純米大吟醸
B10,하마카와쇼텐,코우치현,비죠후 쥰마이긴죠 셀24,薰 Kun,9,6,純米吟醸
B10,하마카와쇼텐,코우치현,비죠후 폰 슈와,薰 Kun,7,4,美丈夫 ポン・シュワ Sparkling
B11,기타니시주조,사이타마현,사라 쥰마이긴죠,薰 Kun,9,7,純米吟醸
B11,기타니시주조,사이타마현,사라 토쿠베츠 쥰마이 카스미 무로카나마겐슈,醇 Jun,8,10,"特別純米, 無濾過, 生原酒, 生"
B11,기타니시주조,사이타마현,사라 에스즈 나마즈메,薰 Kun,8,6,生
B11,기타니시주조,사이타마현,사라 펄즈 오브 듀,薰 Kun,7,4,SARA Pearls of Dew Sparkling
B12,칸코바이주조,미에현,칸코바이 쥰마이 야마다니시키60,醇 Jun,5,7,寒紅梅 純米 山田錦60
B12,칸코바이주조,미에현,칸코바이 쥰마이긴죠 야마다니시키50,薰 Kun,7,6,純米吟醸
B12,칸코바이주조,미에현,칸코바이 쥰마이긴죠 Plus 나마,薰 Kun,8,6,"純米吟醸, 生"
B12,칸코바이주조,미에현,칸코바이 쥰마이긴죠 토레세,薰 Kun,7,6,純米吟醸
D01,겐비시주조,효고현,쵸토쿠센 고쿠죠 쿠로마츠 겐비시,熟 Juku,7,8,超特選 極上 黒松剣菱
D01,겐비시주조,효고현,고쿠죠 쿠로마츠 겐비시,熟 Juku,7,8,極上 黒松剣菱
D01,겐비시주조,효고현,미즈호 쿠로마츠 겐비시,熟 Juku,6,7,瑞穂 黒松剣菱
D01,겐비시주조,효고현,즈이쇼 쿠로마츠 겐비시,熟 Juku,7,9,瑞祥 黒松剣菱 長期熟成
D02,나카노주조,오이타현,치에비진 쥰마이,醇 Jun,5,6,純米
D02,나카노주조,오이타현,치에비진 LOVE PINK,薰 Kun,6,6,純米 桃色 にごり 赤酵母
D02,나카노주조,오이타현,키츠키 블랑 큐베 치에비진 生,薰 Kun,7,5,Blanc Cuvée 生
D02,나카노주조,오이타현,치에비진 Rouge Blanc,薰 Kun,6,5,Rouge Blanc
D02,나카노주조,오이타현,치에비진 라팡 生,薰 Kun,6,5,Lapin 봄 한정 生
D02,나카노주조,오이타현,치에비진 홍차 우메슈,薰 Kun,6,5,Kun
D02,나카노주조,오이타현,치에비진 에버그린,薰 Kun,6,5,Evergreen
D03,이와사키주조,야마구치현,초요후쿠무스메 쥰마이 무로카나마겐슈 지카구미 生,醇 Jun,6,10,"純米, 無濾過, 生原酒, 生"
D03,이와사키주조,야마구치현,쵸요후쿠무스메 야마다니시키 쥰마이 모모이로,醇 Jun,6,6,純米 桃色
D03,이와사키주조,야마구치현,쵸요후쿠무스메 야마다니시키 쥰마이긴죠,薰 Kun,8,7,純米吟醸
D03,이와사키주조,야마구치현,쵸요후쿠무스메 카라구치쥰마이슈 무로카나마겐슈 지카구미 生,醇 Jun,6,10,"純米, 無濾過, 生原酒, 生, 辛口"
D03,이와사키주조,야마구치현,쵸요후쿠무스메 사이토노시즈쿠 카라구치 지카구미 히이레,醇 Jun,5,7,純米 직급 火入
D04,즈이죠주조,쿠마모토현,호우쥰 쥰마이슈 즈이요,醇 Jun,5,7,芳醇 純米酒 瑞陽
D04,즈이죠주조,쿠마모토현,긴죠슈 킷쇼 즈이요,薰 Kun,8,5,吟醸
D04,즈이죠주조,쿠마모토현,즈이요 나나나마 生,薰 Kun,7,6,生
D04,즈이죠주조,쿠마모토현,즈이요 혼카쿠 쇼추 준가 무기 28도,薰 Kun,6,6,Jun
D04,즈이죠주조,쿠마모토현,즈이요 혼카쿠 쇼추 준가 코메 28도,薰 Kun,6,6,Jun
D05,에미시키주조,시가현,에미시키 쥰마이다이긴죠 아카이이토 生,薰 Kun,10,7,"純米大吟醸, 生"
D05,에미시키주조,시가현,에미시키 몬순 야마다니시키 키죠슈 生,熟 Juku,10,9,"生, 熟成/古酒"
D05,에미시키주조,시가현,에미시키 토쿠베츠쥰마이 센세이션 블랙 生,醇 Jun,5,7,笑四季 特別純米 Sensation Black
D05,에미시키주조,시가현,에미시키 토쿠베츠쥰마이 센세이션 화이트 生,醇 Jun,5,7,笑四季 特別純米 Sensation White
D05,에미시키주조,시가현,에미시키 토쿠베츠쥰마이 센세이션 블루 生,醇 Jun,5,7,笑四季 特別純米 Sensation Blue
D05,에미시키주조,시가현,에미시키 월드피스,薰 Kun,7,6,笑四季 World Peace
D05,에미시키주조,시가현,에미시키 퓨처리즘 쥰마이 이치고 메디테이션,醇 Jun,6,7,Futurism 純米
D06,혼다쇼텐,효고현,타츠리키 토쿠베츠 쥰마이 쥰마이88 코메코도부키,醇 Jun,5,7,特別純米 88
D06,혼다쇼텐,효고현,타츠리키 쥰마이긴죠 드래곤 에피소드 2 生,薰 Kun,9,7,"純米吟醸, 生"
D06,혼다쇼텐,효고현,타츠리키 토쿠베츠 쥰마이 쿠라다시 신슈 生,醇 Jun,5,7,特別純米 蔵出し 新酒 生
D06,혼다쇼텐,효고현,타츠리키 토쿠베츠 쥰마이 시보리타테 生,爽 Sou,5,6,特別純米 しぼりたて 生
E01,닷사이주조,야마구치현,닷사이 소노사키에,薰 Kun,9,6,磨きその先へ 超프리미엄 JDGJ
E01,닷사이주조,야마구치현,닷사이 준마이다이긴죠 23 하야타,薰 Kun,10,6,純米大吟醸
E01,닷사이주조,야마구치현,닷사이 준마이다이긴죠 23,薰 Kun,10,6,純米大吟醸
E01,닷사이주조,야마구치현,닷사이 준마이다이긴죠 39,薰 Kun,10,6,純米大吟醸
E01,닷사이주조,야마구치현,닷사이 준마이다이긴죠 45,薰 Kun,10,6,純米大吟醸
E01,닷사이주조,야마구치현,닷사이 스파클링,薰 Kun,10,4,Sparkling/にごり
E01,닷사이주조,야마구치현,닷사이 쇼츄,Other,5,6,쇼츄(粕取)
E02,샤타주조,이시카와현,텡구마이 야마하이준마이,醇 Jun,6,9,"純米, 生酛/山廃"
E02,샤타주조,이시카와현,텡구마이 준마이다이긴죠,薰 Kun,9,6,純米大吟醸
E02,샤타주조,이시카와현,고린 준마이,薰 Kun,6,7,純米
E02,샤타주조,이시카와현,텡구마이 초가라구치 준마이,薰 Kun,6,7,純米
E03,가모츠루주조,히로시마현,가모츠루 준마이 나마쵸조,薰 Kun,7,7,"純米, 生"
E03,가모츠루주조,히로시마현,가모츠루 잇테키뉴콘,薰 Kun,6,5,一滴入魂 純米吟醸
E03,가모츠루주조,히로시마현,가모츠루 골드 다이긴죠,薰 Kun,10,4,大吟醸
E03,가모츠루주조,히로시마현,가모츠루 소우가쿠,薰 Kun,8,5,双鶴 大吟醸
E03,가모츠루주조,히로시마현,가모츠루 슈츄자이신 아카네 준마이 히로시마니시키,薰 Kun,6,7,純米
E04,코마사주조,가고시마현,쿠라노시콘,Other,5,6,小正 焼酎
E04,코마사주조,가고시마현,코즈루 PINK GOLD,Other,5,6,小鶴 PINK GOLD
E04,코마사주조,가고시마현,아카자루,Other,5,6,赤猿 焼酎
E04,코마사주조,가고시마현,사와전용 유즈레몬,Other,4,5,サワー専用 유즈레몬
E05,킹양조,효고현,하나야구 준마이,醇 Jun,3,7,純米
E05,킹양조,효고현,하나야구 준마이,醇 Jun,3,7,純米
E05,킹양조,효고현,라무네 사와노모토진저 사와노모토,Other,3,4,사와노모토 시럽
E05,킹양조,효고현,시소 사와노모토,Other,3,4,사와노모토 시럽
E05,킹양조,효고현,콜라 사와노모토,Other,3,4,사와노모토 시럽
E06,아사히주조,니가타현,추구,醇 Jun,5,6,久保田 千寿 純米吟醸
E06,아사히주조,니가타현,쿠보타 만주 자사효모 에디션,薰 Kun,8,6,久保田 萬寿 自社酵母 JDGJ
E06,아사히주조,니가타현,쿠보타 준마이다이긴죠,薰 Kun,8,6,純米大吟醸
E06,아사히주조,니가타현,쿠보타 다이긴죠 겐슈,薰 Kun,9,4,大吟醸
E06,아사히주조,니가타현,쿠보타 스파클링,薰 Kun,8,4,Sparkling/にごり
E06,아사히주조,니가타현,쿠보타 센주 나마겐슈,薰 Kun,7,6,"生原酒, 生"
E06,아사히주조,니가타현,쿠보타 유즈,Other,4,4,久保田 ゆずリキュール
E07,남부비진,이와테현,남부비진 심백 야마다니시키 준마이다이긴죠,薰 Kun,9,6,純米大吟醸
E07,남부비진,이와테현,남부비진 토쿠베츠준마이,薰 Kun,7,7,特別純米
E07,남부비진,이와테현,남부비진 긴죠,薰 Kun,9,4,吟醸
E07,남부비진,이와테현,남부비진 준마이다이긴죠 유이노카,薰 Kun,9,6,純米大吟醸
E08,오토코야마주조,홋카이도,오토코야마 준마이다이긴죠,薰 Kun,7,6,純米大吟醸
E08,오토코야마주조,홋카이도,오토코야마 기타노이나호 다이긴죠,薰 Kun,8,4,大吟醸
E08,오토코야마주조,홋카이도,오토코야마 스시부스터,薰 Kun,6,5,寿司Booster 純米吟醸
E08,오토코야마주조,홋카이도,오토코야마 하루노이자나이,薰 Kun,6,5,春のいざない 純米吟醸 限定
E08,오토코야마주조,홋카이도,오토코야마 아키노이로도리,薰 Kun,6,5,秋の彩 純米吟醸 한정
E09,메이리슈루이,이바라키현,타이야키,Other,4,5,たい焼き sweet sake?
E09,메이리슈루이,이바라키현,소노마마 멜론,Other,4,4,梅酒/멜론 리큐어
E09,메이리슈루이,이바라키현,소노마마 망고,Other,4,4,망고 리큐어
E09,메이리슈루이,이바라키현,소노마마 살구,Other,4,4,살구 리큐어
E10,다카라주조,효고현,스바루 나마죠조,Other,6,4,生
E10,다카라주조,효고현,미오,薰 Kun,6,4,澪 Sparkling Sake
E10,다카라주조,효고현,미오 클리어,薰 Kun,6,3,澪 Clear
E10,다카라주조,효고현,다카라 시즈오카 미캉,Other,4,4,宝 미캉 사케칵테일
E10,다카라주조,효고현,다카라 시마네 샤인머스켓,Other,4,4,샤인머스켓 칵테일
E10,다카라주조,효고현,다카라 야마나시 화이트피치,Other,4,4,백도 칵테일
E10,다카라주조,효고현,다카라 후라노 멜론,Other,4,4,멜론 칵테일
E11,센다이이사와케 카츠야마주조,센다이시,카츠야마 다이아몬드 아카츠키,薰 Kun,9,7,DIAMOND暁 JDGJ 최고급
E11,센다이이사와케 카츠야마주조,센다이시,카츠야마 아카츠키,薰 Kun,8,6,暁 JDGJ 遠心しぼり
E11,센다이이사와케 카츠야마주조,센다이시,카츠야마 레이,薰 Kun,7,6,礼 JDGJ
E11,센다이이사와케 카츠야마주조,센다이시,카츠야마 센쇼마사무네,薰 Kun,7,6,仙松正宗 JDGJ
E11,센다이이사와케 카츠야마주조,센다이시,카츠야마 켄,薰 Kun,8,6,献 JDGJ
E11,센다이이사와케 카츠야마주조,센다이시,카츠야마 엔,薰 Kun,7,6,圓 JDGJ
E12,니시노킨료,카가와현,킨료 키라메키 준마이다이긴죠,薰 Kun,8,6,純米大吟醸
E12,니시노킨료,카가와현,킨료 준마이다이긴죠 야마다니시키,薰 Kun,8,6,純米大吟醸
E12,니시노킨료,카가와현,킨료 코이아이 준마이긴죠,薰 Kun,8,6,純米吟醸
E13,키타야,후쿠오카현,키타야 고쿠조 다이긴죠,薰 Kun,9,5,大吟醸
E13,키타야,후쿠오카현,키타야 준마이다이긴죠 긴노사토,薰 Kun,8,7,純米大吟醸
E13,키타야,후쿠오카현,키타야 준마이긴죠 긴노사토,薰 Kun,8,7,純米吟醸
E13,키타야,후쿠오카현,키타야 토쿠베츠준마이 유메잇콘,醇 Jun,6,8,特別純米
E13,키타야,후쿠오카현,무기쇼츄 고쿠,薰 Kun,6,6,Jun
E13,키타야,후쿠오카현,이모쇼츄 진쿠,薰 Kun,6,6,Jun
E14,니시주조,가고시마현,텐부 준마이,醇 Jun,5,7,純米
E14,니시주조,가고시마현,텐부 준마이긴죠,薰 Kun,8,6,純米吟醸
E14,니시주조,가고시마현,텐부 준마이다이긴죠,薰 Kun,8,6,純米大吟醸
E14,니시주조,가고시마현,이모쇼츄 토미노 호우잔,薰 Kun,6,5,Kun
E14,니시주조,가고시마현,이모쇼츄 킷초 호우잔,薰 Kun,6,5,Kun
E14,니시주조,가고시마현,이모쇼츄 하쿠텐 호우잔,薰 Kun,6,5,Kun
E14,니시주조,가고시마현,이모쇼츄 호우잔 시로유타카,薰 Kun,6,5,Kun
E14,니시주조,가고시마현,무기쇼츄 히토츠부노무기,薰 Kun,6,5,Kun
E14,니시주조,가고시마현,이모쇼츄 텐시노유와쿠,薰 Kun,6,5,Kun
E15,히가시주조,가고시마현,이모쇼츄 나나쿠보,薰 Kun,6,5,Kun
E15,히가시주조,가고시마현,이모쇼츄 나나쿠보 이모이모사이사이,薰 Kun,6,5,Kun
E15,히가시주조,가고시마현,이모쇼츄 나나쿠보 고양이라벨,薰 Kun,6,5,Kun
E15,히가시주조,가고시마현,이모쇼츄 카츠 블루,薰 Kun,6,5,Kun
E15,히가시주조,가고시마현,이모쇼츄 카츠 레드,薰 Kun,6,5,Kun
E16,핫카이양조,니가타현,핫카이산 스파클링 아와 시로코우지,薰 Kun,7,3,Sparkling/にごり
E16,핫카이양조,니가타현,코메쇼츄 핫카이산 요로시쿠 센만 아루베시,Other,4,5,米焼酎
E16,핫카이양조,니가타현,핫카이산 세이슈,爽 Sou,4,4,清酒(普通酒)
E16,핫카이양조,니가타현,핫카이산 토쿠베츠준마이,醇 Jun,5,6,特別純米
E16,핫카이양조,니가타현,핫카이산 코와구라 다이긴죠,薰 Kun,8,3,大吟醸
E16,핫카이양조,니가타현,핫카이산 다이긴죠 호리병,薰 Kun,8,3,大吟醸
E16,핫카이양조,니가타현,핫카이산 토쿠베츠혼죠조,爽 Sou,4,3,本醸造
E16,핫카이양조,니가타현,핫카이산 에치코데소로 생주 블루라벨,爽 Sou,6,6,しぼりたて 生原酒 越後で候 청라벨 JDGJ
E16,핫카이양조,니가타현,핫카이산 준마이다이긴죠 유키무로 저장 3년,熟 Juku,9,8,"純米大吟醸, 熟成/古酒"
E16,핫카이양조,니가타현,핫카이산 준마이다이긴죠,薰 Kun,7,5,純米大吟醸
E17,세키야주조,아이치현,호라이센 쿠우 준마이다이긴죠,薰 Kun,8,6,純米大吟醸
E17,세키야주조,아이치현,호라이센 비 준마이다이긴죠,薰 Kun,8,6,純米大吟醸
E17,세키야주조,아이치현,이치넨후도 유메산스이 토쿠베츠준마이,薰 Kun,6,7,特別純米
E17,세키야주조,아이치현,호라이센 준마이 카스미즈키,醇 Jun,5,7,純米
E18,이나타혼텐,돗토리현,이나타히메 준마이긴죠 고리키,薰 Kun,8,6,純米吟醸
E18,이나타혼텐,돗토리현,이나타히메 혼죠조 나마겐슈,薰 Kun,6,5,"本醸造, 生原酒, 生"
E18,이나타혼텐,돗토리현,이나타히메 준마이긴죠 고리키 나마겐슈,薰 Kun,9,7,"純米吟醸, 生原酒, 生"
E18,이나타혼텐,돗토리현,이나타히메 준마이슈 나마겐슈,醇 Jun,6,8,"純米, 生原酒, 生"
E19,사이야주조,아키타현,유키노보우샤 준마이다이긴죠 제조번호주,薰 Kun,9,6,純米大吟醸
E19,사이야주조,아키타현,유키노보우샤 준마이긴죠 비슈노셋케이,薰 Kun,9,6,純米吟醸
E19,사이야주조,아키타현,유키노보우샤 히덴야마하이 준마이긴죠,薰 Kun,9,8,"純米吟醸, 生酛/山廃"
E19,사이야주조,아키타현,유키노보우샤 준마이긴죠,薰 Kun,9,6,純米吟醸
E19,사이야주조,아키타현,유키노보우샤 야마하이 준마이슈,醇 Jun,6,9,"純米, 生酛/山廃"
E19,사이야주조,아키타현,유키노보우샤 야마하이 혼죠조,薰 Kun,6,6,"本醸造, 生酛/山廃"
E20,후쿠치요주조,사가현,나베시마 다이긴죠,薰 Kun,10,5,大吟醸
E20,후쿠치요주조,사가현,나베시마 준마이다이긴죠 아이야마,薰 Kun,9,7,純米大吟醸
E20,후쿠치요주조,사가현,나베시마 준마이긴죠 야마다니시키,薰 Kun,9,7,純米吟醸
E20,후쿠치요주조,사가현,나베시마 준마이긴죠 키타시즈쿠,薰 Kun,10,7,"純米吟醸, 雫取り"
E20,후쿠치요주조,사가현,나베시마 토쿠베츠준마이,薰 Kun,7,8,特別純米
F01,토코야마,후쿠이현,죠잔 쥰마이다이긴죠 아라이소 生,薰 Kun,9,7,"純米大吟醸, 生"
F01,토코야마,후쿠이현,죠잔 쥰마이긴죠 겐타츠 生,薰 Kun,9,7,"純米吟醸, 生"
F01,토코야마,후쿠이현,죠잔 쥰마이다이긴죠 호우준 카라구치 키와미,薰 Kun,8,7,"純米大吟醸, 辛口"
F01,토코야마,후쿠이현,죠잔 SPRARKLING 니고리 사케,薰 Kun,7,5,Sparkling にごり
F01,토코야마,후쿠이현,죠잔 후나바하츠즈메 즈이이치,薰 Kun,7,5,槽場初詰 純米大吟醸 瑞一
F02,우메노야도 주조,나라현,우메노야도 아라고시 유즈슈,Other,4,4,柚子酒
F02,우메노야도 주조,나라현,우메노야도 아라고시 모모,Other,4,4,桃 리큐어
F02,우메노야도 주조,나라현,우메노야도 토마토,Other,4,4,토마토 리큐어
F02,우메노야도 주조,나라현,우메노야도 시트러스위트 Citrusweet,Other,4,4,Citrus liqueur
F03,카네다타마다주조,아오모리현,쥰마이긴죠 하나잇푸,薰 Kun,8,6,純米吟醸
F03,카네다타마다주조,아오모리현,340,薰 Kun,7,5,銘柄 340 純米大吟醸
F04,나가노 메이죠,나가노현,쥰마이다이긴죠 타나다 라그라스,薰 Kun,8,6,純米大吟醸
F04,나가노 메이죠,나가노현,쥰마이긴죠 모모이로 잉꼬,薰 Kun,8,6,純米吟醸
F04,나가노 메이죠,나가노현,쥰마이긴죠 키세키레이 무로카나마겐슈,薰 Kun,9,8,"純米吟醸, 無濾過, 生原酒, 生"
F04,나가노 메이죠,나가노현,쥰마이긴죠 키세키키레이,薰 Kun,8,6,純米吟醸
F04,나가노 메이죠,나가노현,쥰마이긴죠 타나다 시보리타테,薰 Kun,7,5,"純米吟醸, しぼりたて"
F05,이이누마혼케,치바현,키노에네 쥰마이 우마카라 미가키하치와리,醇 Jun,4,7,甲子 純米 旨辛 磨き8割
F05,이이누마혼케,치바현,키노에네 하나야카 타카미노카오리 쥰마이긴죠,薰 Kun,8,7,純米吟醸
F05,이이누마혼케,치바현,시스이노요아케 쥰마이다이긴죠 生,薰 Kun,9,7,"純米大吟醸, 生"
F05,이이누마혼케,치바현,키노에네 아키아가리,醇 Jun,5,6,甲子 秋上がり 純米
F06,니카이도주조,오이타현,니카이도,Other,4,7,麦焼酎
F06,니카이도주조,오이타현,니카이도 킷쵸무 25도 병,Other,4,7,麦焼酎 25도
F07,요시다주조,시마네현,갓산 쥰마이긴죠 나카도리지카구미 生,薰 Kun,9,7,"純米吟醸, 生"
F07,요시다주조,시마네현,갓산 호우준카라구치쥰마이 시보리타테 무로카나마겐슈 生,醇 Jun,5,9,"純米, 無濾過, 生原酒, 生, しぼりたて, 辛口"
F07,요시다주조,시마네현,갓산 토쿠베츠 쥰마이,醇 Jun,5,7,月山 特別純米 出雲
F07,요시다주조,시마네현,갓산 토쿠베츠 쥰마이 이즈모,醇 Jun,5,7,月山 特別純米 出雲
F08,배니오토메,후쿠오카현,캇파 큐센보우(와인효모),Other,5,7,Other
F08,배니오토메,후쿠오카현,캇파 큐센보우혼류,Other,5,7,紅乙女 焼酎
F08,배니오토메,후쿠오카현,베니오토메 STANDARD25 에구치히사시VERVION,Other,5,6,紅乙女 25도
F08,배니오토메,후쿠오카현,크롭엔크롭 쿠로 고마 리큐르,Other,5,7,Other
F09,타츠우마,효고현,토쿠베츠 혼죠조 키쥬로,爽 Sou,4,4,本醸造
F09,타츠우마,효고현,쿠로마츠 하쿠시카 쥰마이 다이긴죠,薰 Kun,7,6,純米大吟醸
F09,타츠우마,효고현,하쿠시카 호화 쥰마이다이긴죠 센넨주,薰 Kun,7,6,純米大吟醸
F09,타츠우마,효고현,하쿠시카 야마다니시키 카라구치 쥰마이 실크,醇 Jun,5,6,白鹿 山田錦 辛口 純米 シルク
F09,타츠우마,효고현,하쿠시카 시보리타테,爽 Sou,5,5,白鹿 しぼりたて
F10,하나노마이주조,시즈오카현,하나노마이 쥰마이긴죠슈,薰 Kun,8,6,純米吟醸
F10,하나노마이주조,시즈오카현,하나노마이쥰마이긴죠 카타나,薰 Kun,8,6,純米吟醸
F10,하나노마이주조,시즈오카현,하나노마이 스파클링,薰 Kun,8,4,Sparkling/にごり
F10,하나노마이주조,시즈오카현,쥰마이긴죠 AKANE(아카네),薰 Kun,8,6,純米吟醸
F11,닷사이블루,뉴욕,닷사이 블루 타입 23,薰 Kun,9,6,獺祭BLUE TYPE23 JDGJ
F11,닷사이블루,뉴욕,닷사이 블루 타입 35,薰 Kun,8,5,獺祭BLUE TYPE35 JDGJ
F11,닷사이블루,뉴욕,닷사이 블루 타입 50,薰 Kun,7,5,獺祭BLUE TYPE50 JDGJ
F11,닷사이블루,뉴욕,닷사이 블루 타입 50 드라이(Dry),薰 Kun,7,4,獺祭BLUE TYPE50 Dry
F12,치요무스비주조,돗토리현,치요무스비 쥰마이다이긴죠 야마다니시키50,薰 Kun,7,6,純米大吟醸
F12,치요무스비주조,돗토리현,치요무스비 히토키와 토쿠베츠쥰마이 나카도리 무로카겐슈나마,醇 Jun,6,8,"特別純米, 無濾過, 生"
F12,치요무스비주조,돗토리현,치요무스비 야키이모쇼츄 하마노이모타,Other,5,5,Other
F12,치요무스비주조,돗토리현,치요무스비 애플리큐르,Other,4,4,사과 리큐어
F12,치요무스비주조,돗토리현,치요무스비 재패니즈 싱글 몰트 위스키 린타로(헤비챠캐스크),Other,5,5,Other
F13,나테주조점,와카야마현,쿠로우시 카라구치 쥰마이슈 레드,醇 Jun,5,7,黒牛 辛口 純米
F13,나테주조점,와카야마현,쿠로우시 쥰마이다이긴죠 오마치 나마겐슈,薰 Kun,9,8,"純米大吟醸, 生原酒, 生"
F13,나테주조점,와카야마현,쥰마이슈 쿠로우시 나카도리무로카나마겐슈,醇 Jun,6,10,"純米, 無濾過, 生原酒, 生"
F13,나테주조점,와카야마현,쥰마이슈 쿠로우시 시보리타테,爽 Sou,5,6,黒牛 純米 しぼりたて
F14,남부주조장,후쿠이현,하나가키 쥰마이슈,醇 Jun,5,6,花垣 純米酒
F14,남부주조장,후쿠이현,하나가키 오우카 세이카이 쥰마이다이긴죠,薰 Kun,8,6,純米大吟醸
F14,남부주조장,후쿠이현,하나가키 BLEND in 쥰마이코슈,醇 Jun,5,7,純米
F14,남부주조장,후쿠이현,하나가키 코시노시즈쿠 쥰마이무로카나마겐슈,薰 Kun,8,9,"純米, 無濾過, 生原酒, 生, 雫取り"
F15,텐잔주조,사가현,시치다 510,薰 Kun,7,6,七田 510 純米 muscat-like
F15,텐잔주조,사가현,시치다 쥰마이긴죠 오마치 무로카나마(생주),薰 Kun,9,8,"純米吟醸, 無濾過, 生"
F15,텐잔주조,사가현,시치다 쥰마이긴죠 야마다니시키13,薰 Kun,8,7,純米吟醸
F15,텐잔주조,사가현,시치다 나나와리고부미가키 슌요,醇 Jun,7,6,七田 75% 磨 春陽 純米 lychee/grapefruit
F16,사카타주조,야마가타현,죠키겐 쥰마이긴죠 초카라,薰 Kun,8,6,純米吟醸
F16,사카타주조,야마가타현,죠키겐 쥰마이다이긴죠 야마다니시키50,薰 Kun,8,6,純米大吟醸
F16,사카타주조,야마가타현,죠키겐 쥰마이긴죠 산케이니시키 무로카나마겐슈,薰 Kun,9,8,"純米吟醸, 無濾過, 生原酒, 生"
F16,사카타주조,야마가타현,죠키겐 쥰마이다이긴죠 초카라,薰 Kun,8,6,純米大吟醸
F17,세이료주조주식회사,에히메현,이요카기야 쥰마이 무로카,醇 Jun,5,7,伊予賀儀屋 純米 無濾過
F17,세이료주조주식회사,에히메현,이요카기야 쥰마이긴죠 무로카,薰 Kun,8,8,"純米吟醸, 無濾過"
F17,세이료주조주식회사,에히메현,세이료젠 토쿠베츠 쥰마이 나마 우라라카,薰 Kun,7,8,"特別純米, 生"
F17,세이료주조주식회사,에히메현,이요카기야 쥰마이긴죠 토시즈 오리가라미 나마,薰 Kun,9,7,"純米吟醸, 生"
F18,아오키주조,니이가타현,카쿠레이 쥰마이긴죠,薰 Kun,8,7,純米吟醸
F18,아오키주조,니이가타현,카쿠레이 쥰마이,醇 Jun,5,7,鶴齢 純米
F18,아오키주조,니이가타현,카쿠레이 코키무라사키,醇 Jun,6,6,鶴齢 越淡麗 限定
F18,아오키주조,니이가타현,카쿠레이 긴죠 나마자케,薰 Kun,9,5,"吟醸, 生"
F19,도이주조장,시즈오카현,카이운 쥰마이다이긴죠,薰 Kun,8,6,純米大吟醸
F19,도이주조장,시즈오카현,카이운 무로카 쥰마이 아카이와오마치 나마자케,醇 Jun,6,8,"純米, 無濾過, 生"
F19,도이주조장,시즈오카현,카이운 마네키네코 히야즈메쥰마이(핑크라벨),醇 Jun,5,6,開運 招き猫 ひやおろし 純米
F19,도이주조장,시즈오카현,카이운 이와이자케,薰 Kun,7,5,開運 祝酒 純米大吟醸 한정
F20,아야키쿠주조,카가와현,아야키쿠 올리브 이스트 쥰마이 사케,醇 Jun,6,6,綾菊 オリーブ酵母 純米
F20,아야키쿠주조,카가와현,아야키쿠 사누키올리브11,醇 Jun,6,6,綾菊 サヌキオリーブ11
F20,아야키쿠주조,카가와현,아야키쿠 올리브 이스트 쥰마이 나마,薰 Kun,6,7,"純米, 生"
G02,코바야시주조,토치기현,호오비덴 준마이다이긴죠 아카반,薰 Kun,10,6,純米大吟醸
G02,코바야시주조,토치기현,호오비덴 츠루기,醇 Jun,5,6,鳳凰美田 剣 辛口純米
G03,츠치야주조점,나가노현,카메노우미 우마구치 준마이,醇 Jun,5,8,純米
G04,스와미코츠루 주조장,나가노현,미코츠루 히토고코치,醇 Jun,5,6,美湖鶴 純米 ヒトゴコチ
G05,헤이와주조,와카야마현,킷도 준마이다이긴죠,薰 Kun,8,6,純米大吟醸
G05,헤이와주조,와카야마현,킷도 무료잔,薰 Kun,8,6,紀土 無量山 純米大吟醸 25%/35%
G07,이와세주조,치바현,이와노이 i240 준마이다이긴죠 고햐쿠만고쿠 무로카나마겐슈,薰 Kun,9,8,"純米大吟醸, 無濾過, 生原酒, 生"
G08,시미즈 세이자부로쇼텐,미에현,자쿠 미야비노토모 나카도리,薰 Kun,8,6,作 雅乃智 中取り 純米大吟醸
G08,시미즈 세이자부로쇼텐,미에현,자쿠 호노토모,醇 Jun,6,6,作 穂乃智 純米
G09,하야시혼텐,기후현,햐쿠쥬로 아카즈라 Extra Dry 준마이,醇 Jun,5,7,純米
G10,키리시마쵸 증류소,카고시마현,아카루이노우손 (고구마),Other,5,7,芋焼酎
G10,키리시마쵸 증류소,카고시마현,아카루이노우손 실크 스위트 (고구마),Other,5,7,芋焼酎
G11,텐파이,후쿠오카현,크래프츠맨 타다 스패니시,Other,4,5,sake craft blend
G11,텐파이,후쿠오카현,크래프츠맨 타다 키안티 브라운,Other,4,5,sake craft blend
G11,텐파이,후쿠오카현,크래프츠맨 타다 2417,Other,4,5,sake craft blend
G11,텐파이,후쿠오카현,크래프츠맨 타다 나츠코이,Other,4,5,sake craft blend
G11,텐파이,후쿠오카현,Coffee Specialite,Other,5,5,coffee blend
G11,텐파이,후쿠오카현,Pepper Specialite,Other,5,5,pepper blend
G12,미치자쿠라주조,홋카이도,미치자쿠라 쥰마이다이긴죠 키타시즈쿠45,薰 Kun,10,7,"純米大吟醸, 雫取り"
G12,미치자쿠라주조,홋카이도,미치자쿠라 쥰마이다이긴죠 스이세이45,薰 Kun,8,7,純米大吟醸
G12,미치자쿠라주조,홋카이도,미치자쿠라 쥰마이 R Class,醇 Jun,5,6,三千櫻 純米 R Class
G12,미치자쿠라주조,홋카이도,미치자쿠라 쥰마이긴죠 쿠즈류55 나마겐슈,薰 Kun,9,8,"純米吟醸, 生原酒, 生"
G13,라이후쿠주조,이바라키현,라이후쿠 쥰마이긴죠 아이야마,薰 Kun,9,6,純米吟醸
G13,라이후쿠주조,이바라키현,라이후쿠 쥰마이슈 후쿠마루,醇 Jun,5,6,来福 純米 福丸
G13,라이후쿠주조,이바라키현,라이후쿠 엠 스페셜 에디션 퓨어,薰 Kun,7,5,来福 M Special Edition Pure
G13,라이후쿠주조,이바라키현,라이후쿠 준마이 나마자케 사쿠라,薰 Kun,7,7,"純米, 生"
G14,후지주조,시마네현,이즈모후지 쥰마이긴죠 (야마다니시키50),薰 Kun,8,7,純米吟醸
G14,후지주조,시마네현,이즈모후지 쥰마이긴죠 초카라,薰 Kun,8,7,純米吟醸
G14,후지주조,시마네현,이즈모후지 쥰마이,醇 Jun,5,6,出雲富士 純米
G14,후지주조,시마네현,이즈모후지 토쿠베츠 쥰마이,醇 Jun,5,7,出雲富士 特別純米
G15,니이자와양조점,미야기현,하쿠라쿠세이 쥰마이다이긴죠,薰 Kun,8,7,純米大吟醸
G15,니이자와양조점,미야기현,하쿠라쿠세이 쥰마이긴죠,薰 Kun,8,7,純米吟醸
G15,니이자와양조점,미야기현,하쿠라쿠세이 토쿠베츠 쥰마이,醇 Jun,5,7,伯楽星 特別純米
G15,니이자와양조점,미야기현,카오루코우챠슈,Other,5,4,香 紅茶酒
G16,에시칼・스피리츠,도쿄,라스트 엘리시움,Other,6,5,craft spirit
G16,에시칼・스피리츠,도쿄,라스트 엘레강트,Other,6,5,craft spirit
G16,에시칼・스피리츠,도쿄,라스트 엔,Other,6,5,craft spirit
G16,에시칼・스피리츠,도쿄,교토 페퍼 에티크,Other,6,5,craft spirit
G16,에시칼・스피리츠,도쿄,카카오 에티크,Other,6,5,craft spirit
G17,야츠시카주조,오이타현,긴자노스즈메 시로코우지,Other,5,6,銀座のすずめ 白麹 焼酎
G17,야츠시카주조,오이타현,긴자노스즈메 코하쿠,Other,5,7,銀座のすずめ 琥珀 樽熟成 焼酎
G17,야츠시카주조,오이타현,카보스슈,Other,4,4,カボス酒 리큐어
G17,야츠시카주조,오이타현,긴자노스즈메 가스라이트,Other,5,6,銀座のすずめ Gas Light
G18,사케노카마쿠라,와카야마현,키슈우구이스야 타루지코미 우메슈,Other,5,5,Other
G18,사케노카마쿠라,와카야마현,키슈우구이스야 쿠로우시지타테 우메슈(카라구치),Other,5,5,辛口
G18,사케노카마쿠라,와카야마현,키슈 칸칸야 운슈미캉슈,Other,4,4,紀州 温州蜜柑酒
G18,사케노카마쿠라,와카야마현,키슈 우구이스야 코우챠 우메슈,Other,5,5,Other
G19,사츠마무쏘,가고시마현,오토메자쿠라,Other,5,7,芋焼酎
G19,사츠마무쏘,가고시마현,모구라,Other,5,7,芋焼酎
G19,사츠마무쏘,가고시마현,이모노타루,Other,5,7,芋焼酎 樽
G19,사츠마무쏘,가고시마현,카엔잔 베니(군고구마소주),Other,5,7,Other
G20,신자토주조,오키나와현,류큐 골드,Other,5,7,泡盛 GOLD
G20,신자토주조,오키나와현,카리유시,Other,5,7,泡盛
G20,신자토주조,오키나와현,싱글 몰트 위스키 류카 뉴 본 2025 이엑스 버번 캐스크,Other,5,7,Other
G20,신자토주조,오키나와현,신자토 위스키,Other,5,7,Other
G20,신자토주조,오키나와현,류카 싱글 몰트 재패니즈 위스키 2026 얼리 썸머(선예약상품),Other,5,7,Other
H01,아키타양조,아키타현,유키노비진 준마이긴죠 6호 효모 초카라,薰 Kun,8,6,純米吟醸
H01,아키타양조,아키타현,유키노비진 준마이다이긴죠,薰 Kun,8,6,純米大吟醸
H02,야마모토주조점,아키타현,퓨어블랙 야마모토,薰 Kun,6,6,山本 Pure Black 純米吟醸
H03,미토베주조,야마가타현,야마가타마사무네 카라구치 준마이,醇 Jun,6,8,"純米, 辛口"
H03,미토베주조,야마가타현,시드르 마사무네 오우린,Other,4,4,楯野川 シードル 사과
H04,고토주조점,야마가타현,벤텐 준마이다이긴죠겐슈 오마치,薰 Kun,8,7,純米大吟醸
H05,신도주조점,야마가타현,가산류 고쿠게츠 시즈쿠도리,薰 Kun,8,5,雅山流 極月 雫取り 大吟醸
H05,신도주조점,야마가타현,우라가산류 코우카,薰 Kun,7,5,裏・雅山流 香華
H06,나가야마혼케주조장,야마구치현,준마이다이긴죠 도메누 타카,薰 Kun,8,6,純米大吟醸
H06,나가야마혼케주조장,야마구치현,타카 토쿠베츠준마이,薰 Kun,6,7,特別純米
H07,아부노츠루주조,야마구치현,미요시 준마이다이긴죠 그린,薰 Kun,9,6,純米大吟醸
H07,아부노츠루주조,야마구치현,아부노츠루 카라구치 준마이긴죠,薰 Kun,9,6,"純米吟醸, 辛口"
H08,야오신주조,야마구치현,간기 준마이긴죠 무로카나마겐슈 노니,薰 Kun,9,8,"純米吟醸, 無濾過, 生原酒, 生"
H08,야오신주조,야마구치현,간기 준마이 무로카나마겐슈 노이치,醇 Jun,6,9,"純米, 無濾過, 生原酒, 生"
H09,우라자토주조점,이바라키현,우라자토 준마이긴죠 히타치니시키,薰 Kun,8,6,純米吟醸
H09,우라자토주조점,이바라키현,우라자토 준마이슈,醇 Jun,5,7,純米
H10,쿠메지마노쿠메센,오키나와현,쿠메지마노쿠메센 브라운,Other,5,8,泡盛 古酒 브라운
H10,쿠메지마노쿠메센,오키나와현,오키나와 시콰사,Other,4,4,シークヮーサー
H11,슈호주조장,야마가타현,슈호 다이긴죠 초카라구치,薰 Kun,9,4,"大吟醸, 辛口"
H11,슈호주조장,야마가타현,슈호 준마이긴죠 핫탄,薰 Kun,8,6,純米吟醸
H12,록카센,야마가타현,야마호우시 바쿠라이 나마겐슈,薰 Kun,7,6,"生原酒, 生"
H13,코지마소우혼텐,야마가타현,토우코우 준마이긴죠겐슈,薰 Kun,8,6,純米吟醸
H13,코지마소우혼텐,야마가타현,토우코우 준마이,醇 Jun,5,7,純米
H14,키쿠노츠카사주조,이와테현,이노센트 40,薰 Kun,8,5,菊の司 イノセント40 純米大吟醸
H14,키쿠노츠카사주조,이와테현,이노센트 50,薰 Kun,7,5,菊の司 イノセント50 純米大吟醸
H15,아카부주조,이와테현,아카부 준마이긴죠,薰 Kun,9,7,純米吟醸
H15,아카부주조,이와테현,아카부 준마이,醇 Jun,6,8,純米
H16,카와자와주조,코우치현,야마니 쿠모가 자아구자아구,醇 Jun,6,7,山二 雲がざあぐざあぐ
H17,아리미츠주조장,코우치현,아키토라 준마이다이긴죠,薰 Kun,8,6,純米大吟醸
H17,아리미츠주조장,코우치현,아키토라 준마이,醇 Jun,5,7,純米
H19,타카키주조,코우치현,토요노우메 준마이긴죠 요이요이,薰 Kun,10,6,純米吟醸
H19,타카키주조,코우치현,토요노우메 CEL-24,薰 Kun,9,5,豊能梅 CEL-24 효모 strawberry-like aromatic
H20,카메이즈미주조,코우치현,카메이즈미 준마이긴죠 CEL-24,薰 Kun,8,7,純米吟醸
H20,카메이즈미주조,코우치현,카메이즈미 준마이다이긴죠겐슈 CEL-24 야마다니시키,薰 Kun,8,7,純米大吟醸
J01,세토주조,사가현,아즈마쵸 무츠고로상 쿠로 준마이다이긴죠 무로카겐슈,薰 Kun,8,7,"純米大吟醸, 無濾過"
J01,세토주조,사가현,아즈마쵸 무츠고로상 하지메테,薰 Kun,6,5,東町 ムツゴロウさん 初めて
J02,아즈마츠루주조,사가현,아즈마츠루 MOVIN',薰 Kun,7,6,東鶴 MOVIN'
J02,아즈마츠루주조,사가현,아즈마츠루 The Origin,薰 Kun,7,6,東鶴 The Origin
J03,후쿠다주조,나가사키현,쟈가타라 오하루,薰 Kun,6,6,ジャガタラお春
J03,후쿠다주조,나가사키현,후쿠우미 야마다니시키,薰 Kun,6,6,福海 山田錦
J04,타이요주조,니가타현,무소우 카라구치준마이,醇 Jun,5,8,"純米, 辛口"
J05,텐세이주조,카고시마현,케센토 하루카,薰 Kun,7,5,天青 케센토 ハルカ 純米吟醸
J11,센게츠주조,쿠마모토현,카와베 (쌀),Other,5,6,球磨 米焼酎
J11,센게츠주조,쿠마모토현,타루 센게츠 (쌀/오크저장),Other,6,7,樽 球磨 米焼酎
J12,오토코야마혼텐,미야기현,소우텐덴 긴노이로하 카라구치준마이,醇 Jun,4,7,"純米, 辛口"
J12,오토코야마혼텐,미야기현,오토코야마 카라구치준마이,醇 Jun,4,7,"純米, 辛口"
J13,이마다주조혼텐,히로시마현,후쿠쵸 시후도 Seafood,薰 Kun,6,6,福鶴 Seafood 純米吟醸
J13,이마다주조혼텐,히로시마현,후쿠쵸 스파클링 HAKUBI,薰 Kun,9,5,Sparkling/にごり
J14,고젠슈 츠지혼텐,오카야마현,고잰슈 1859,醇 Jun,6,8,御前酒 1859 雄町 きもと
J14,고젠슈 츠지혼텐,오카야마현,고젠슈 미마사카 준마이,醇 Jun,5,10,純米
J15,오치주조,오카야마현,타이쇼노츠루 RISING 아사히,薰 Kun,7,6,大正の鶴 RISING 朝日米
J15,오치주조,오카야마현,타이쇼노츠루 나카도리,薰 Kun,7,6,大正の鶴 中取り
J16,니시요시다주조,후쿠오카현,킨타로 (볶은보리),Other,5,6,麦焼酎
J16,니시요시다주조,후쿠오카현,츠쿠시 시로 (보리),Other,5,6,麦焼酎
J17,타카하시쇼텐,후쿠오카현,시게마스 긴노사토 준마이다이긴죠 50,薰 Kun,8,6,純米大吟醸
J17,타카하시쇼텐,후쿠오카현,시게마스 아카시소 준마이 우메슈,醇 Jun,5,7,純米
J18,와카나미주조,후쿠오카현,와카나미 준마이긴죠,薰 Kun,8,6,純米吟醸
J18,와카나미주조,후쿠오카현,와카나미 준마이,醇 Jun,5,7,純米
J19,키쿠비진,후쿠오카현,우라 키쿠비진 토쿠베츠준마이 무로카나마,醇 Jun,7,9,"特別純米, 無濾過, 生"
J19,키쿠비진,후쿠오카현,키쿠비진 하나칸무리,醇 Jun,6,6,菊美人 花冠 純米吟醸
J20,리브롬,후쿠오카현,리브롬 민트,Other,4,4,リブロム ハーブ酒 民트
J20,리브롬,후쿠오카현,리브롬 버베나,Other,4,4,リブロム ハーブ酒 버베나
K01,키타주조,나라현,미요키쿠 혼죠조 나마겐슈,薰 Kun,6,5,"本醸造, 生原酒, 生"
K01,키타주조,나라현,미요키쿠 혼죠조,爽 Sou,5,4,本醸造
K02,유쵸주조,나라현,카제노모리 아키츠호 657,醇 Jun,7,7,風の森 秋津穂 657 無濾過生原酒 純米
K02,유쵸주조,나라현,카제노모리 알파 타입 2,薰 Kun,8,6,風の森 ALPHA TYPE2 高精白 純米
K03,미오야주조,이시카와현,유호 준마이,醇 Jun,5,7,純米
K03,미오야주조,이시카와현,유호 키모토 준마이 햐쿠만고쿠노시로,醇 Jun,5,9,"純米, 生酛/山廃"
K04,니시야마주조장,효고현,로죠 하나아리 사라,薰 Kun,7,6,路上花 あり SARA 純米吟醸
K04,니시야마주조장,효고현,탐바 미야마 시로부도,薰 Kun,6,5,丹波 美山 白葡萄
K05,사와노츠루,효고현,사와노츠루 준마이,醇 Jun,4,7,純米
K05,사와노츠루,효고현,사와노츠루 준마이슈 야마다니시키,醇 Jun,4,7,純米
M01,사카야코리아,"서울시 성동구 한림말 5길 25
(지하철역 : 3호선 옥수역 7번 출구에서 100M )",신슈키레이 프리미엄골드 준마이다이긴죠 39,薰 Kun,9,6,純米大吟醸
M01,사카야코리아,"서울시 성동구 한림말 5길 25
(지하철역 : 3호선 옥수역 7번 출구에서 100M )",신슈키레이 미야마니시키 준마이다이긴죠 39,薰 Kun,9,6,純米大吟醸
M01,사카야코리아,"서울시 성동구 한림말 5길 25
(지하철역 : 3호선 옥수역 7번 출구에서 100M )",신슈키레이 킨몬니시키 준마이다이긴죠 39,薰 Kun,9,6,純米大吟醸
M01,사카야코리아,"서울시 성동구 한림말 5길 25
(지하철역 : 3호선 옥수역 7번 출구에서 100M )",와다치 크래프트맥주,薰 Kun,7,5,Kun
M01,사카야코리아,"서울시 성동구 한림말 5길 25
(지하철역 : 3호선 옥수역 7번 출구에서 100M )",와다치 화이트크래프트 맥주,薰 Kun,7,5,Kun
M01,사카야코리아,"서울시 성동구 한림말 5길 25
(지하철역 : 3호선 옥수역 7번 출구에서 100M )",하토마사무네 크리스탈 오브 스노우 준마이 나마,薰 Kun,7,7,"純米, 生"
M01,사카야코리아,"서울시 성동구 한림말 5길 25
(지하철역 : 3호선 옥수역 7번 출구에서 100M )",하토마사무네 특별준마이 하나후부키 지카구미 나마,薰 Kun,8,7,"特別純米, 生"
M03,스이센주조,이와테현 리쿠젠타카다시,"타테가미 특별준마이 나마, 다이긴죠 스이센 블루",薰 Kun,9,6,"純米大吟醸, 生"
M03,스이센주조,이와테현 리쿠젠타카다시,준마이긴죠 스이센 레드,薰 Kun,8,6,純米吟醸
M04,텐쥬주조,아키타현 유리혼죠시,텐쥬 준마이,醇 Jun,6,8,純米
M04,텐쥬주조,아키타현 유리혼죠시,초카이산 키모토준마이긴죠 초카이린도코보시코미,薰 Kun,9,9,"純米吟醸, 生酛/山廃"
M04,텐쥬주조,아키타현 유리혼죠시,초카이산 준마이다이긴죠,薰 Kun,9,7,純米大吟醸
M04,텐쥬주조,아키타현 유리혼죠시,초카이산 준마이다이긴죠 무로카나마겐슈,薰 Kun,10,9,"純米大吟醸, 無濾過, 生原酒, 生"
M05,사쿠라가오주조,이와테현 모리오카시,히텐쇼 준마이다이긴죠,薰 Kun,9,6,純米大吟醸
M05,사쿠라가오주조,이와테현 모리오카시,은하철도의밤 준마이긴죠,薰 Kun,9,6,純米吟醸
M05,사쿠라가오주조,이와테현 모리오카시,준마이 사카야,薰 Kun,6,7,純米
M06,하마치도리주조,이와테현 가마이시,하마치도리 준마이긴죠 깅긴가 한정나마자케,薰 Kun,10,6,"純米吟醸, 生"
M06,하마치도리주조,이와테현 가마이시,겐스이 준마이긴죠,薰 Kun,9,6,純米吟醸
M06,하마치도리주조,이와테현 가마이시,겐스이 준마이다이긴죠,薰 Kun,9,6,純米大吟醸
M07,야히코주조,니이가타현 야히코무라,폰슈볼,Other,4,4,폰슈볼(잔)
M07,야히코주조,니이가타현 야히코무라,코운 준마이긴죠,薰 Kun,8,6,純米吟醸
M08,아키타세이슈 주식회사,아키타현 다이센시,카리호 이치호즈미 준마이긴죠 (3년 빙온저장),熟 Juku,10,10,"純米吟醸, 熟成/古酒"
M08,아키타세이슈 주식회사,아키타현 다이센시,야마토시즈쿠 미사토니시키 준마이긴죠,薰 Kun,10,7,"純米吟醸, 雫取り"
M08,아키타세이슈 주식회사,아키타현 다이센시,야마코시즈쿠 준마이긴죠 유키노야마토,薰 Kun,10,7,"純米吟醸, 雫取り"
M08,아키타세이슈 주식회사,아키타현 다이센시,데와츠루 준마이다이긴죠나마 사일런나잇,薰 Kun,9,7,"純米大吟醸, 生"
M10,마츠세주조주식회사,시가현 류오쵸,마츠노츠카사 울티머스 다이긴죠 나카도리,薰 Kun,9,4,大吟醸
M10,마츠세주조주식회사,시가현 류오쵸,마츠노츠카사 준마이다이긴죠 아졸라35,薰 Kun,8,6,純米大吟醸
M10,마츠세주조주식회사,시가현 류오쵸,마츠노츠카사 준마이다이긴죠 아졸라 50,薰 Kun,8,6,純米大吟醸
M10,마츠세주조주식회사,시가현 류오쵸,마츠노츠카사 준마이,醇 Jun,5,7,純米
M10,마츠세주조주식회사,시가현 류오쵸,마츠노츠카사 준마이긴죠 시보리다테 라쿠,薰 Kun,8,6,純米吟醸
P11,에이쿤주조,시즈오카현 시즈오카시,미도리노에이쿤 준마이긴죠 무로카나마겐슈,薰 Kun,9,8,"純米吟醸, 無濾過, 生原酒, 生"
P11,에이쿤주조,시즈오카현 시즈오카시,무라사키노에이쿤 준마이긴죠 무로카나마겐슈,薰 Kun,9,8,"純米吟醸, 無濾過, 生原酒, 生"
P11,에이쿤주조,시즈오카현 시즈오카시,다이다이노에이쿤 준마이긴죠 무로카나마겐슈,薰 Kun,9,8,"純米吟醸, 無濾過, 生原酒, 生"
P11,에이쿤주조,시즈오카현 시즈오카시,에이쿤 준마이다이긴죠 와타리부네,薰 Kun,8,6,純米大吟醸
P10,히라코우주조,미야기현 이시마키시,히타카미 특별준마이,薰 Kun,6,7,特別純米
P10,히라코우주조,미야기현 이시마키시,히타카미 호쥰카라구치 준마이긴죠 야스케,薰 Kun,8,6,"純米吟醸, 辛口"
P10,히라코우주조,미야기현 이시마키시,히타카미 블루 준마이다이긴죠,薰 Kun,8,6,純米大吟醸
P10,히라코우주조,미야기현 이시마키시,히타카미 준마이다이긴죠 야스케 투명효탄,薰 Kun,8,6,純米大吟醸
P10,히라코우주조,미야기현 이시마키시,히타카미 나카도리 다이긴죠 가치이로효탄,薰 Kun,9,4,大吟醸
P10,히라코우주조,미야기현 이시마키시,히타카미 나카도리 준마이다이긴죠 블랙효탄,薰 Kun,8,6,純米大吟醸
P09,오누마주조점,미야기현 무라다마을,겐콘이치 준마이 우스니고리 나마,薰 Kun,8,6,"純米, 生, Sparkling/にごり"
P09,오누마주조점,미야기현 무라다마을,겐콘이치 준마이 신리키,醇 Jun,5,7,純米
P09,오누마주조점,미야기현 무라다마을,겐콘이치 죠네츠준마이긴죠 겐슈,薰 Kun,8,6,純米吟醸
P09,오누마주조점,미야기현 무라다마을,겐콘이치 준마이긴죠 긴노이로하,薰 Kun,8,6,純米吟醸
P09,오누마주조점,미야기현 무라다마을,겐콘이치 준마이다긴죠 오마치,薰 Kun,8,6,純米吟醸
P09,오누마주조점,미야기현 무라다마을,카타카나 겐콘이치 준마이다이긴죠,薰 Kun,8,6,純米大吟醸
P04,야마츄혼케주조,아이치현 아이사이시,기쿄에니시,醇 Jun,5,8,桔梗 縁 義侠 純米
P04,야마츄혼케주조,아이치현 아이사이시,기쿄준마이긴죠겐슈50,醇 Jun,7,9,純米吟醸
P04,야마츄혼케주조,아이치현 아이사이시,기쿄 토모가라,醇 Jun,5,8,桔梗 共柄 純米
P04,야마츄혼케주조,아이치현 아이사이시,기쿄 카가리비,醇 Jun,6,8,桔梗 篝火 純米吟醸
P04,야마츄혼케주조,아이치현 아이사이시,기쿄 요로코비,醇 Jun,5,8,桔梗 慶び 純米
P04,야마츄혼케주조,아이치현 아이사이시,기쿄 타헤,醇 Jun,5,8,桔梗 多兵衛 純米
P04,야마츄혼케주조,아이치현 아이사이시,기쿄 2001-40 (2001년 양조),熟 Juku,8,9,桔梗 2001 BY 40% 25년 숙성
P03,하치노헤주조,아오모리현 하키노헤시,핫센 우라라,薰 Kun,7,5,八仙 麗(うらら) 純米吟醸
P03,하치노헤주조,아오모리현 하키노헤시,무츠핫센 이사리비 특별준마이,薰 Kun,7,7,特別純米
P03,하치노헤주조,아오모리현 하키노헤시,무츠핫센 레드라벨 특별준마이,薰 Kun,7,7,特別純米
P03,하치노헤주조,아오모리현 하키노헤시,무츠핫센 핑크라벨 긴죠 히이레,薰 Kun,9,4,吟醸
P03,하치노헤주조,아오모리현 하키노헤시,무츠핫센 하나오모이50 준마이다이긴죠,薰 Kun,9,6,純米大吟醸
P03,하치노헤주조,아오모리현 하키노헤시,무츠핫센 실버라벨 긴죠 아라바시리,薰 Kun,9,4,吟醸
P03,하치노헤주조,아오모리현 하키노헤시,핫센 블라쥬,薰 Kun,7,5,八仙 Blasie 純米吟醸 nama
P02,쵸슈주조,야마구치현 시모노세키시,텐비 토쿠베츠준마이(쿠로텐),薰 Kun,7,7,特別純米
P02,쵸슈주조,야마구치현 시모노세키시,텐비 준마이긴죠 (시로텐),薰 Kun,9,6,純米吟醸
P02,쵸슈주조,야마구치현 시모노세키시,텐비 준마이다이긴죠,薰 Kun,9,6,純米大吟醸
P01,히라이즈미혼포,아키타시 니카호시,포시즌 우스니고리,薰 Kun,7,6,飛良泉 四季 うすにごり
P01,히라이즈미혼포,아키타시 니카호시,야마하이 준마이 마루히,醇 Jun,4,10,"純米, 生酛/山廃"
P01,히라이즈미혼포,아키타시 니카호시,히텐 히나,醇 Jun,6,7,飛囀 HINA 山廃純米吟醸
P01,히라이즈미혼포,아키타시 니카호시,히텐 하쿠쵸,醇 Jun,6,7,飛囀 白鳥 山廃純米吟醸
P01,히라이즈미혼포,아키타시 니카호시,히텐 치도리 나마,薰 Kun,6,7,生
L02,이와테메이죠,이와테현 오슈시,"오쿠로쿠 토쿠베츠 준마이 키모토 ""Lotus""",醇 Jun,6,9,"特別純米, 生酛/山廃"
L02,이와테메이죠,이와테현 오슈시,"오쿠로쿠 토쿠베츠 준마이 키모토 ""Unite""",醇 Jun,6,9,"特別純米, 生酛/山廃"
L02,이와테메이죠,이와테현 오슈시,"오쿠로쿠 토쿠베츠 준마이 키모토 ""White Beach""",醇 Jun,6,9,"特別純米, 生酛/山廃"
L03,CR트레이딩,"경기 남양주시 경강로124번길 25, 1층,2층",이비 화이트,Other,5,5,CR 유통
L03,CR트레이딩,"경기 남양주시 경강로124번길 25, 1층,2층",킨스즈메 플래티넘,Other,5,5,CR 유통
L03,CR트레이딩,"경기 남양주시 경강로124번길 25, 1층,2층",킨스즈메 히쇼 준마이다이긴죠,薰 Kun,7,7,純米大吟醸
L03,CR트레이딩,"경기 남양주시 경강로124번길 25, 1층,2층",킨스즈메 준마이긴죠 시보리타테,薰 Kun,6,6,"純米吟醸, しぼりたて"
L03,CR트레이딩,"경기 남양주시 경강로124번길 25, 1층,2층",센스케 준마이다이긴죠 무로카나마겐슈,薰 Kun,8,9,"純米大吟醸, 無濾過, 生原酒, 生"
L03,CR트레이딩,"경기 남양주시 경강로124번길 25, 1층,2층",코센 준마이 무로카나마자케겐슈 효온,醇 Jun,5,9,"純米, 無濾過, 生"
L03,CR트레이딩,"경기 남양주시 경강로124번길 25, 1층,2층",분카진 카라구치 준마이,醇 Jun,4,8,"純米, 辛口"
L03,CR트레이딩,"경기 남양주시 경강로124번길 25, 1층,2층",분카진 준마이긴죠 리즈르,薰 Kun,7,7,純米吟醸
L03,CR트레이딩,"경기 남양주시 경강로124번길 25, 1층,2층",조요 준마이65,醇 Jun,4,8,純米
L03,CR트레이딩,"경기 남양주시 경강로124번길 25, 1층,2층",혼킨 준마이슈,醇 Jun,4,8,純米
L03,CR트레이딩,"경기 남양주시 경강로124번길 25, 1층,2층",혼킨 슷핀 타이치,Other,5,5,CR 유통
L03,CR트레이딩,"경기 남양주시 경강로124번길 25, 1층,2층",이즈미히메 유즈,Other,4,4,유즈 리큐어
L03,CR트레이딩,"경기 남양주시 경강로124번길 25, 1층,2층",이즈미히메 레몬,Other,4,4,레몬 리큐어
L04,CR트레이딩,"경기 남양주시 경강로124번길 25, 1층,2층",이사다이센,Other,5,7,쇼츄
L04,CR트레이딩,"경기 남양주시 경강로124번길 25, 1층,2층",로우,Other,5,7,쇼츄
L04,CR트레이딩,"경기 남양주시 경강로124번길 25, 1층,2층",야키이모 쿠로세,Other,5,7,焼芋 黒瀬
L04,CR트레이딩,"경기 남양주시 경강로124번길 25, 1층,2층",베니산고,Other,5,7,紅珊瑚 芋焼酎
L04,CR트레이딩,"경기 남양주시 경강로124번길 25, 1층,2층",미야코자쿠라,Other,5,7,芋焼酎
L04,CR트레이딩,"경기 남양주시 경강로124번길 25, 1층,2층",엔마,Other,5,7,閻魔 麦焼酎
L04,CR트레이딩,"경기 남양주시 경강로124번길 25, 1층,2층",렌토,Other,5,7,れんと 黒糖焼酎
L04,CR트레이딩,"경기 남양주시 경강로124번길 25, 1층,2층",컬러풀,Other,5,6,カラフル
L04,CR트레이딩,"경기 남양주시 경강로124번길 25, 1층,2층",미타케,Other,5,7,焼酎
L04,CR트레이딩,"경기 남양주시 경강로124번길 25, 1층,2층",케이코우토나루모,Other,5,7,鶏口となるも 芋焼酎
P05,마치다슈조텐,군마현,마치다슈조 준마이긴죠55 오마치 지카구미,薰 Kun,8,6,純米吟醸
P05,마치다슈조텐,군마현,마치다슈조 준마이긴죠55 야마다니시키 지카구미,薰 Kun,8,6,純米吟醸
P05,마치다슈조텐,군마현,마치다슈조 토쿠베츠준마이55 미야마니시키,薰 Kun,6,7,特別純米
P05,마치다슈조텐,군마현,마치다슈조 토쿠베츠준마이55 고햐쿠만고쿠,薰 Kun,6,7,特別純米
P05,마치다슈조텐,군마현,마치다슈조 준마이다이긴죠 프리미엄,薰 Kun,8,6,純米大吟醸
P06,나카시마야슈죠,야마구치현,나카시마야 준마이긴죠 무로카나마겐슈,薰 Kun,9,8,"純米吟醸, 無濾過, 生原酒, 生"
P06,나카시마야슈죠,야마구치현,나카시마야 후타모모치 무로카나마겐슈,薰 Kun,7,7,"無濾過, 生原酒, 生"
P06,나카시마야슈죠,야마구치현,나카시마야 하루츠게슈,薰 Kun,6,6,中島屋 春告酒
P06,나카시마야슈죠,야마구치현,나카시마야 준마이다이긴죠,薰 Kun,8,6,純米大吟醸
P07,야기슈조부,에히메현,야마탄마사무네 재즈 브루,薰 Kun,7,5,山丹正宗 Jazz Brew
P07,야기슈조부,에히메현,야마탄마사무네 시즈쿠히메 준마이긴죠,薰 Kun,10,6,"純米吟醸, 雫取り"
P07,야기슈조부,에히메현,야마탄마사무네 준마이 마츠야마미이,醇 Jun,5,7,純米
P07,야기슈조부,에히메현,야마탄마사무네 혼죠조 시마나미,爽 Sou,5,4,本醸造
P08,요시다슈죠,후쿠이현,에헤지 하쿠류,薰 Kun,7,6,吉田蔵 u 白龍
P08,요시다슈죠,후쿠이현,에헤지 하쿠류 TOAST,薰 Kun,7,6,吉田蔵 TOAST
P08,요시다슈죠,후쿠이현,에헤지 하쿠류 RICH,醇 Jun,6,7,吉田蔵 RICH 山廃
P08,요시다슈죠,후쿠이현,에헤지 하쿠류 JOY,薰 Kun,7,5,吉田蔵 JOY
P08,요시다슈죠,후쿠이현,에헤지 하쿠류 EDGE,薰 Kun,6,5,吉田蔵 EDGE
P13,류진슈조,군마현,오제노유키도케 준마이다이긴죠 가쿠시자케,薰 Kun,8,6,純米大吟醸
P13,류진슈조,군마현,오제노유키도케 사카나우마이 준마이,醇 Jun,5,7,純米
P13,류진슈조,군마현,류진 카라구치 준마이,醇 Jun,5,7,"純米, 辛口"
P13,류진슈조,군마현,류진 준마이다이긴죠 오프닝액트,薰 Kun,8,6,純米大吟醸
P13,류진슈조,군마현,준마이다이긴죠 오제유키다루마,薰 Kun,8,6,純米大吟醸
P14,이이누마메이죠,토치기현,스가타 준마이긴죠 겐슈 블랙임팩트,薰 Kun,8,6,純米吟醸
P14,이이누마메이죠,토치기현,스가타 준마이긴죠 무로카나마겐슈 오마치,薰 Kun,9,8,"純米吟醸, 無濾過, 生原酒, 生"
P14,이이누마메이죠,토치기현,Flying Sugata,薰 Kun,8,6,Flying Sugata 純米大吟醸
P14,이이누마메이죠,토치기현,스가타 준마이긴죠 하레스가타,薰 Kun,8,6,純米吟醸
P15,카네미츠슈죠,히로시마현,카모킨슈 준마이다이긴죠 40,薰 Kun,8,6,純米大吟醸
P15,카네미츠슈죠,히로시마현,카모킨슈 토쿠베츠준마이 13,薰 Kun,6,7,特別純米
P15,카네미츠슈죠,히로시마현,카모킨슈 카라구치 토쿠베츠준마이,薰 Kun,6,7,"特別純米, 辛口"
P15,카네미츠슈죠,히로시마현,카모킨슈 사쿠라후부키 토쿠베츠준마이 우스니고리 나마,薰 Kun,9,6,"特別純米, 生, Sparkling/にごり"
P15,카네미츠슈죠,히로시마현,카모킨슈 준마이 시보리타테,醇 Jun,4,6,"純米, しぼりたて"
M11,산요하이슈죠,효고현,반슈잇콘 준마이 초카라구치,醇 Jun,5,7,"純米, 辛口"
M11,산요하이슈죠,효고현,반슈잇콘 준마이긴죠 아이야마,薰 Kun,8,6,純米吟醸
M11,산요하이슈죠,효고현,반슈잇콘 준마이긴죠 스프링 샤인,薰 Kun,8,6,純米吟醸
M11,산요하이슈죠,효고현,반슈잇콘 준마이긴죠 야마다니시키,薰 Kun,8,6,純米吟醸
M11,산요하이슈죠,효고현,반슈잇콘 준마이긴죠 야마다호,薰 Kun,8,6,純米吟醸
M12,아베주조,니이가타현,아베 블랙,薰 Kun,7,7,あべ Black 純米吟醸 生原酒
M12,아베주조,니이가타현,아베 실버,薰 Kun,6,7,あべ Silver 純米吟醸 火入 sweet
M12,아베주조,니이가타현,아베 옐로우,薰 Kun,6,6,あべ Yellow 一本〆 純米吟醸 crisp
M12,아베주조,니이가타현,아베 핑크,薰 Kun,7,6,あべ Pink たかね錦 peach/apple aroma
M12,아베주조,니이가타현,아베 그린,薰 Kun,7,7,あべ Green 純米吟醸 生原酒 おりがらみ
M12,아베주조,니이가타현,사자나미,醇 Jun,6,7,さざなみ 純米生原酒
M12,아베주조,니이가타현,레굴루스,薰 Kun,8,7,Regulus 한정 high-end
M12,아베주조,니이가타현,포말하우트,薰 Kun,8,7,Fomalhaut 한정
M12,아베주조,니이가타현,베가,薰 Kun,8,7,Vega 한정
Q01,하기노슈조,미야기현,히와타 키모토 준마이다이긴죠,薰 Kun,8,8,"純米大吟醸, 生酛/山廃"
Q01,하기노슈조,미야기현,하기노츠루 준마이긴죠,薰 Kun,8,6,純米吟醸
Q01,하기노슈조,미야기현,하기노츠루 카라구치 토쿠베츠준마이,薰 Kun,6,7,"特別純米, 辛口"
Q01,하기노슈조,미야기현,히와타 키모토 준마이,醇 Jun,5,9,"純米, 生酛/山廃"
Q01,하기노슈조,미야기현,하기노츠루 준마이긴죠 베츠시코미 나마겐슈,薰 Kun,9,7,"純米吟醸, 生原酒, 生"
Q02,오야타카시슈조,가나가와현,자루소호라이 준마이긴죠 퀸 나마겐슈,薰 Kun,9,7,"純米吟醸, 生原酒, 生"
Q02,오야타카시슈조,가나가와현,자루소호라이 준마이긴죠 오링고쿠다사이,薰 Kun,8,6,純米吟醸
Q02,오야타카시슈조,가나가와현,자루소호라이 토쿠베츠준마이 데와산산,薰 Kun,6,7,特別純米
Q02,오야타카시슈조,가나가와현,자루소호라이 준마이 그린라벨,醇 Jun,5,7,純米
Q03,쥬하치자카리슈조,오카야마현,타카지 준마이다이긴죠 아사히 무로카나마겐슈,薰 Kun,9,8,"純米大吟醸, 無濾過, 生原酒, 生"
Q03,쥬하치자카리슈조,오카야마현,쥬하치자카리 아사히 준마이다이긴죠 무로카나마겐슈,薰 Kun,9,8,"純米大吟醸, 無濾過, 生原酒, 生"
Q03,쥬하치자카리슈조,오카야마현,쥬하치자카리 미야코 준마이긴죠 무로카나마겐슈,薰 Kun,9,8,"純米吟醸, 無濾過, 生原酒, 生"
Q03,쥬하치자카리슈조,오카야마현,쥬하치자카리 에이스 켓,薰 Kun,7,5,十八盛 Ace Get
Q04,와타나베슈조텐,기후현,히다 호라이 죠센,爽 Sou,5,5,飛騨 蓬莱 上撰
Q04,와타나베슈조텐,기후현,호라이 준마이긴죠 카덴테즈쿠리,薰 Kun,8,7,純米吟醸
Q04,와타나베슈조텐,기후현,더블유 준마이 아이야마,醇 Jun,5,8,純米
Q04,와타나베슈조텐,기후현,더블유 준마이 야마다니시키,醇 Jun,5,8,純米
Q04,와타나베슈조텐,기후현,호라이 쿠라모토노카쿠시자케,薰 Kun,7,6,蓬莱 蔵元のかくし酒 限定
Q04,와타나베슈조텐,기후현,코마치 사쿠라,薰 Kun,6,5,小町桜 純米吟醸
Q04,와타나베슈조텐,기후현,더블유 준마이 아카이와오마치,醇 Jun,5,8,純米
Q05,하마다슈죠,가고시마현,적토마(세키토바),Other,5,7,赤兎馬 芋焼酎
Q05,하마다슈죠,가고시마현,적토마(세키토바) 무라사키,Other,5,7,赤兎馬 紫
Q05,하마다슈죠,가고시마현,적토마(세키토바) 타마아카네,Other,5,7,赤兎馬 タマアカネ
Q05,하마다슈죠,가고시마현,우카제,Other,5,7,芋焼酎
Q05,하마다슈죠,가고시마현,칠그린,Other,5,6,芋焼酎
Q05,하마다슈죠,가고시마현,삿슈 타마시,Other,5,7,薩州 魂
Q05,하마다슈죠,가고시마현,다이야메,Other,5,6,ダイヤメ 前割り
Q05,하마다슈죠,가고시마현,적토마(세키토바) 블루,Other,5,7,赤兎馬 Blue
Q05,하마다슈죠,가고시마현,적토마(세키토바) 말차,Other,5,7,赤兎馬 抹茶
Q05,하마다슈죠,가고시마현,칠그린 2,Other,5,6,芋焼酎
Q05,하마다슈죠,가고시마현,카쿠시구라,Other,5,7,かくし蔵 芋焼酎
Q06,오쿠치슈조,가고시마현,쿠로이사니시키,Other,5,7,黒伊佐錦 芋焼酎
Q06,오쿠치슈조,가고시마현,이사코마치,Other,5,7,伊佐小町
Q06,오쿠치슈조,가고시마현,쿠로이사니시키 겐슈,Other,5,8,黒伊佐錦 原酒
Q07,토노이케슈죠텐,토치기현,보 준마이다이긴죠 오마치,薰 Kun,8,6,純米大吟醸
Q07,토노이케슈죠텐,토치기현,보 토쿠베츠준마이 미야마니시키,薰 Kun,6,7,特別純米
Q07,토노이케슈죠텐,토치기현,보 토쿠베츠준마이 스이세이 무로카나마겐슈,醇 Jun,7,9,"特別純米, 無濾過, 生原酒, 生"
Q07,토노이케슈죠텐,토치기현,보 준마이긴죠 히토고코치,薰 Kun,8,6,純米吟醸
Q08,키쿠노사토슈조,토치기현,다이나 초카라구치 준마이,醇 Jun,5,7,"純米, 辛口"
Q08,키쿠노사토슈조,토치기현,다이나 준마이긴죠 나스고햐쿠만고쿠,薰 Kun,8,6,純米吟醸
Q08,키쿠노사토슈조,토치기현,다이나 준마이긴죠 무가아츠시보리 무로카나마,薰 Kun,9,7,"純米吟醸, 無濾過, 生"
Q08,키쿠노사토슈조,토치기현,다이나 준마이긴죠 유메사사라 나마,薰 Kun,9,6,"純米吟醸, 生"
Q09,미야오슈조,니이가타현,시메하리츠루 다이긴죠 킨 라벨,薰 Kun,9,4,大吟醸
Q09,미야오슈조,니이가타현,시메하리츠루 준마이긴죠 준,薰 Kun,8,6,純米吟醸
Q09,미야오슈조,니이가타현,시메하리츠루 혼죠조 츠키,爽 Sou,5,4,本醸造
Q09,미야오슈조,니이가타현,시메하리츠루 시보리타테 나마겐슈,薰 Kun,6,5,"生原酒, 生, しぼりたて"
Q09,미야오슈조,니이가타현,시메하리츠루 준마이긴죠 하루시보리 나마겐슈,薰 Kun,9,7,"純米吟醸, 生原酒, 生"
Q10,토미카와슈조텐,토치기현,츄아이 카라구치 준마이 무로카나마겐슈,醇 Jun,6,9,"純米, 無濾過, 生原酒, 生, 辛口"
Q10,토미카와슈조텐,토치기현,츄아이 나카도리 준마이긴죠 유메사사라,薰 Kun,8,6,純米吟醸
Q10,토미카와슈조텐,토치기현,츄아이 카라구치 준마이 아라바시리,醇 Jun,5,7,"純米, 辛口"
Q10,토미카와슈조텐,토치기현,츄아이 준마이긴죠 무로카나마겐슈,薰 Kun,9,8,"純米吟醸, 無濾過, 生原酒, 生"
Q11,후미기쿠슈죠,토야마현,하네야 다이긴죠,薰 Kun,9,4,大吟醸
Q11,후미기쿠슈죠,토야마현,하네야 준마이다이긴죠 츠바사,薰 Kun,8,6,純米大吟醸
Q11,후미기쿠슈죠,토야마현,하네야 준마이긴죠 키라비 나마겐슈,薰 Kun,9,7,"純米吟醸, 生原酒, 生"
Q11,후미기쿠슈죠,토야마현,하네야 준마이,醇 Jun,5,7,純米
Q12,야마노고토부키슈죠,후쿠오카현,야마노고토부키 토쿠베츠준마이 야마다니시키,薰 Kun,6,7,特別純米
Q12,야마노고토부키슈죠,후쿠오카현,야마노고토부키 준마이긴죠 오마치 13,薰 Kun,8,6,純米吟醸
Q12,야마노고토부키슈죠,후쿠오카현,재패니스사케 야마노고토부키 프릭스1,薰 Kun,7,6,山の壽 PRIX1
Q12,야마노고토부키슈죠,후쿠오카현,재패니스사케 야마노고토부키 프릭스2,薰 Kun,7,6,山の壽 PRIX2
Q12,야마노고토부키슈죠,후쿠오카현,재패니즈사케 야마노고토부키 하루노히미츠,薰 Kun,7,5,山の壽 春の秘密
Q12,야마노고토부키슈죠,후쿠오카현,재패니즈사케 야마노고토부키 윈터 세션,薰 Kun,7,6,山の壽 Winter Session
Q13,토코로슈조,기후현,보우지마야 준마이 무로카나마겐슈,醇 Jun,6,9,"純米, 無濾過, 生原酒, 生"
Q13,토코로슈조,기후현,보우지마야 준마이긴죠 고햐쿠만고쿠 나마자케,薰 Kun,9,6,"純米吟醸, 生"
Q13,토코로슈조,기후현,보우지마야 토코로 블랙 고햐쿠만고쿠,薰 Kun,6,6,房島屋 ところ Black 五百万石
Q13,토코로슈조,기후현,보우지마야 준마이 시로코지,醇 Jun,5,7,純米
Q14,신타니슈조,야마구치현,와카무스메 츠키쿠사 토쿠베츠준마이,薰 Kun,6,7,特別純米
Q14,신타니슈조,야마구치현,와카무스메 하나타치바나 준마이긴죠,薰 Kun,8,6,純米吟醸
Q14,신타니슈조,야마구치현,와카무스메 보탄 준마이긴죠,薰 Kun,8,6,純米吟醸
Q14,신타니슈조,야마구치현,와카무스메 쥬니히소쿠 준마이긴죠,薰 Kun,8,6,純米吟醸
R01,토요나가슈죠,쿠마모토현,무기시루,Other,5,6,麦汁 麦焼酎
R01,토요나가슈죠,쿠마모토현,코하쿠 무기시루,Other,5,7,琥珀 麦汁
R01,토요나가슈죠,쿠마모토현,신콜라,Other,4,5,新コーラ
R02,오치아이 슈조장,미야자키현,카에다,Other,5,6,焼酎
R02,오치아이 슈조장,미야자키현,카제노 후쿠로,Other,5,6,焼酎
R02,오치아이 슈조장,미야자키현,카가미즈 진저,Other,4,5,焼酎 진저
R02,쇼츄리퍼블릭,,말차캣,Other,5,5,焼酎+말차
R02,쇼츄리퍼블릭,,롱페퍼 크레인,Other,5,5,焼酎+페퍼
R02,쇼츄리퍼블릭,,스위트 포테이토 로빈,Other,5,6,芋焼酎
R02,쇼츄리퍼블릭,,발리 버니,Other,5,6,麦焼酎
R03,타카자와 슈조장,토야마현,토요카 준마이슈,醇 Jun,5,8,純米
R03,타카자와 슈조장,토야마현,토요카 준마이긴죠 히토고코치,薰 Kun,8,7,純米吟醸
R03,이치노야,나가노현,류스이센 키모토13 미야마니시키,醇 Jun,5,7,生酛/山廃
R03,이치노야,나가노현,류스이센 효준스이,Other,5,5,流水船
R04,잇본기쿠보혼텐,후쿠이현,덴신 유키 준마이긴죠,薰 Kun,7,8,純米吟醸
R04,잇본기쿠보혼텐,후쿠이현,덴신 이네 준마이,醇 Jun,4,9,純米
R04,잇본기쿠보혼텐,후쿠이현,덴신 츠치 혼죠조,醇 Jun,4,6,本醸造
R04,잇본기쿠보혼텐,후쿠이현,잇본기 나마쵸조,Other,6,7,生
R04,잇본기쿠보혼텐,후쿠이현,긴코바이 한야토,Other,5,7,銀紅梅 半夜兎 焼酎
U01,닛카프론티어,,닛카 프론티어,Other,7,7,NIKKA Frontier 위스키
U01,닛카프론티어,,요이치 싱글몰트,Other,8,8,Yoichi Single Malt
U01,닛카프론티어,,미야기쿄 싱글몰트,Other,8,8,Miyagikyo Single Malt
U01,닛카프론티어,,타케츠루 퓨어몰트,Other,8,8,Taketsuru Pure Malt
U12,에비스 맥주,,에비스(YEBISU) 맥주,Other,5,5,Other
